{"results": [{"team_name": "pp908", "rankNum": 1, "score": 0.9208812883126197}, {"team_name": "AI_team", "rankNum": 2, "score": 0.919144262772741}, {"team_name": "DL_RL_MIX", "rankNum": 3, "score": 0.8734100613001916}, {"team_name": "bisme", "rankNum": 4, "score": 0.4144991202806137}]}