{"results": [{"rankNum": 1, "team_name": "变形金刚", "score": 1.0000000000000002}, {"rankNum": 2, "team_name": "ducddaa", "score": 0.9259259259259259}]}