{"results": [{"team_name": "一江春水向东流", "rankNum": 1, "score": 0.5030664819944599}, {"team_name": "IMSG", "rankNum": 2, "score": 0.3368791551246538}, {"team_name": "ATP", "rankNum": 3, "score": 0.11471892313019391}]}